{"cameraMode":{"drawMode":0,"name":"Shaded","section":"Shading Mode"},"sceneLighting":true,"audioPlay":false,"sceneViewState":{"showFog":true,"showMaterialUpdate":false,"showSkybox":true,"showFlares":true,"showImageEffects":true,"showParticleSystems":true},"in2DMode":false,"pivot":{"x":-0.05954170227050781,"y":0.5619337558746338,"z":0.16267824172973634},"rotation":{"x":0.07160849869251251,"y":0.8152500987052918,"z":-0.10326860100030899,"w":0.5653110146522522},"size":4.161552429199219,"orthographic":false}